<?xml version="1.0" standalone="no"?>
<lanGenerikoak xmlns:sgta="http://ji.ehu.es/sgta">
  <lana>
    <kodea>SGTA_Test5</kodea>
    <deskribapena>5. testa (% 20)</deskribapena>
    <aurreikusitakoOrduak>5</aurreikusitakoOrduak>
    <ustiapenean>true</ustiapenean>
    <lanMota>azterketa</lanMota>
  </lana>
  <lana>
    <kodea>SGTA_Lab12</kodea>
    <deskribapena>Irakasgaiko 12. laborategia</deskribapena>
    <aurreikusitakoOrduak>12</aurreikusitakoOrduak>
    <ustiapenean>true</ustiapenean>
    <lanMota>laborategia</lanMota>
  </lana>
  <lana>
    <kodea>SGTA_Lab10</kodea>
    <deskribapena>10. laborategia</deskribapena>
    <aurreikusitakoOrduak>2</aurreikusitakoOrduak>
    <ustiapenean>true</ustiapenean>
    <lanMota>laborategia</lanMota>
  </lana>
  <lana>
    <kodea>SGTA_Test12</kodea>
    <deskribapena>Testa</deskribapena>
    <aurreikusitakoOrduak>1</aurreikusitakoOrduak>
    <ustiapenean>true</ustiapenean>
    <lanMota>azterketa</lanMota>
  </lana>
  <lana>
    <kodea>SGTA_Azterketa</kodea>
    <deskribapena>Azken azterketa</deskribapena>
    <aurreikusitakoOrduak>3</aurreikusitakoOrduak>
    <ustiapenean>false</ustiapenean>
    <lanMota>azterketa</lanMota>
  </lana>
  <lana>
    <kodea>SGTA_Azt2</kodea>
    <deskribapena>Bigarren aukera</deskribapena>
    <aurreikusitakoOrduak>2</aurreikusitakoOrduak>
    <ustiapenean>true</ustiapenean>
    <lanMota>azterketa</lanMota>
  </lana>
  <lana>
    <kodea>SGTA_Azt100</kodea>
    <deskribapena>Azterketa globala</deskribapena>
    <aurreikusitakoOrduak>10</aurreikusitakoOrduak>
    <ustiapenean>false</ustiapenean>
    <lanMota>azterketa</lanMota>
  </lana>
  <lana>
    <kodea>SGTA_Test4</kodea>
    <deskribapena>Irakasgaiko 4. testa</deskribapena>
    <aurreikusitakoOrduak>3</aurreikusitakoOrduak>
    <ustiapenean>false</ustiapenean>
    <lanMota>azterketa</lanMota>
  </lana>
  <lana>
    <kodea>SGTA_Lab7</kodea>
    <deskribapena>Irakasgaiko 7. laborategia: XML .NET-en</deskribapena>
    <aurreikusitakoOrduak>12</aurreikusitakoOrduak>
    <ustiapenean>true</ustiapenean>
    <lanMota>laborategia</lanMota>
  </lana>
</lanGenerikoak>